Catalog#,Artist,Title,Label,Format,Rating,Released,release_id,CollectionFolder,Date Added,Collection Media Condition,Collection Sleeve Condition,Collection Notes
PIASR905LP,Agnes Obel,Citizen Of Glass,"[PIAS], Play It Again Sam","LP, Album, 180",,2016,9218599,Uncategorized,2022-07-26 01:11:35,Mint (M),Mint (M),
00602577587214,Sting,My Songs,"A&M Records, Interscope Records, Cherrytree Records","2xLP, Album, 180",,2019,13807708,Uncategorized,2023-05-23 23:24:42,,,
0602537789818,Soundgarden,Superunknown,"A&M Records, Universal Music Group International","2xLP, Album, RE, RM, 180",,2014,5757840,Uncategorized,2026-08-16 01:54:43,,,
0600753463673,Johnny Cash,American IV: The Man Comes Around,American Recordings,"2xLP, Album, RE, 180",,2014,5516887,Uncategorized,2026-05-07 00:44:33,,,
8 55 492,Cannonball Adderley - John Coltrane,Cannonball Adderley - John Coltrane,AMIGA,"LP, Album, RE, Red",,1977,574968,Uncategorized,2025-12-13 06:20:03,,,
8122-79657-7,Led Zeppelin,Untitled,Atlantic,"LP, Album, RE, RM, Gat",,2020,18861868,Uncategorized,2026-04-17 07:41:09,,,
"BS001V, 5055667601768",Nick Cave & The Bad Seeds,Push The Sky Away,"Bad Seed Ltd., Bad Seed Ltd.","LP, Album",,2013,21720787,Uncategorized,2025-10-17 23:05:07,,,
BELLA1677,Ólöf Arnalds,Spira,Bella Union,"LP, Cle",,2026,36499084,Uncategorized,2026-08-28 22:40:04,,,
00289 483 7175,Agnes Obel,Myopia,"Blue Note, Deutsche Grammophon","LP, Album, M/Print",,2020,14820295,Uncategorized,2021-12-29 03:25:02,Mint (M),Mint (M),
BR026 LP,New York Ska-Jazz Ensemble,Step Forward,Brixton Records,"LP, Album, RE",,2013,1808376,Uncategorized,2025-12-05 23:51:53,,,
00602557537574,Mazzy Star,So Tonight That I Might See,Capitol Records,"LP, Album, RE, HL ",,2017,10806771,Uncategorized,2025-10-09 09:50:41,,,
CHR 1238,Jethro Tull,Stormwatch,Chrysalis,"LP, Album, San",,1979,1329972,Uncategorized,2024-08-10 00:08:54,,,
19075883491,Miles Davis,Kind Of Blue,"Columbia, Legacy","LP, Album, Ltd, RE, Blu",,2018,12656600,Uncategorized,2021-09-14 01:10:48,Mint (M),Mint (M),
88875150651,Johnny Cash,The Essential Johnny Cash,"Columbia, Legacy","2xLP, Comp, Mono, RE",,2015,8803566,Uncategorized,2023-05-23 23:30:17,,,
19658784211,Depeche Mode,Memento Mori,"Columbia, Sony Music","LP, 180 + LP, S/Sided, Etch, 180 + Album",,2023,26515877,Uncategorized,2023-05-23 23:25:14,,,
19439783861,Alice In Chains,Facelift,"Columbia, Sony Music, Legacy","2xLP, Album, RE, RM",,0,33989883,Uncategorized,2026-07-01 23:09:59,,,
19802848671,Alice In Chains,MTV Unplugged,"Columbia, Sony Music, Legacy, Velvet Hammer","2xLP, Album, RE, 30t",,2026,38509347,Uncategorized,2026-09-29 00:33:19,,,
DOC214,Khruangbin & Leon Bridges,Texas Sun,"Dead Oceans, Columbia, Night Time Stories","12"", EP",,2020,14756037,Uncategorized,2025-11-01 00:38:10,,,
00289 476 5730,Sting,Songs From The Labyrinth,"Deutsche Grammophon, Clearaudio","LP, Album, 180",,2006,1005431,Uncategorized,2021-09-27 03:06:24,Mint (M),Mint (M),
00602478459191,Beck,Mellow Gold,"DGC, Bong Load Records, Geffen Records","LP, Album, RE, 180",,2025,35068319,Uncategorized,2026-06-12 23:10:46,,,
424 425-1,Nirvana,Nevermind,"DGC, Sub Pop","LP, Album, RE, RP, 180",,2015,7097051,Uncategorized,2026-02-27 23:22:48,,,
DOL1013HG,"Stan Getz, João Gilberto Featuring Antonio Carlos Jobim",Getz / Gilberto,DOL,"LP, Album, Dlx, RE, 180",,2022,25906030,Uncategorized,2024-08-10 00:09:39,,,
DOR2065H,Stone Temple Pilots,MTV Unplugged 1993,DOL,"LP, RP, Unofficial, Pur",,2021,20319061,Uncategorized,2026-09-25 23:27:31,,,
WIGLP289,The Kills,Ash & Ice,Domino,"2xLP, Album",,2016,8597688,Uncategorized,2024-07-15 03:46:53,Mint (M),Mint (M),
WIGLP317,Arctic Monkeys,AM,Domino,"LP, Album, RE, Gat",,2021,22247773,Uncategorized,2024-02-17 00:57:53,,,
WIGLP528X,Animal Collective,Isn't It Now?,Domino,"2xLP, Album, Ltd, Tan",,2023,28370005,Uncategorized,2024-06-26 00:53:38,,,
081227931810,The Doors,Strange Days,Elektra,"LP, Album, Mono, RE, RM, RP, 180",,2017,11148221,Uncategorized,2021-09-12 14:17:10,Mint (M),Mint (M),
"42 012, EKS-74007 ",The Doors,The Doors,"Elektra, Elektra","LP, Album, RE",,0,9528387,Uncategorized,2026-02-27 22:45:02,,,
"EKS-75011, 7559-60328-1",The Doors,L.A. Woman,"Elektra, Elektra","LP, Album, RE, RP",,0,30984289,Uncategorized,2026-05-21 04:46:21,,,
6711046,Placebo,Meds,Elevator Music (4),"LP, Album, RE, Gat",,2019,13723107,Uncategorized,2022-04-07 00:31:03,,,
88985376871,Pearl Jam,Ten,"Epic Associated, Sony Music","LP, Album, RE, RP, Pal",,2023,26361812,Uncategorized,2026-06-01 12:06:21,,,
88985357751,Stevie Ray Vaughan & Double Trouble,The Essential Stevie Ray Vaughan And Double Trouble,"Epic, Legacy","2xLP, Comp",,2016,9479922,Uncategorized,2024-12-21 23:33:55,,,
"FACT 10R, FACT 10",Joy Division,Unknown Pleasures,"Factory, Factory","LP, Album, RE, RM, 180",,2015,7132498,Uncategorized,2021-09-12 14:21:59,Mint (M),Mint (M),
"FACT∙XXV, FACT. 25R",Joy Division,Closer,"Factory, Factory","LP, Album, RE, RM, 180",,2015,7132429,Uncategorized,2021-12-29 04:29:48,Mint (M),,
0720642472712,Nirvana,MTV Unplugged In New York,Geffen Records,"LP, Album, RE, RM, RP, 180",,2017,11400290,Uncategorized,2025-10-17 23:06:21,,,
0720642453612,Nirvana,In Utero,"Geffen Records, DGC, Sub Pop","LP, Album, RE, RP, 180",,2015,22912757,Uncategorized,2026-06-01 09:04:28,,,
"828 522-1, 828 522 - 1",Portishead,Dummy,"Go! Beat, Go! Beat","LP, Album, RE, 180",,2000,1526433,Uncategorized,2025-12-26 01:02:47,,,
BS021LP,Nick Cave & Warren Ellis,Carnage,Goliath Records (7),"LP, Album",,2021,18988180,Uncategorized,2021-12-20 11:52:59,Mint (M),Mint (M),
00602448015716,The Comet Is Coming,Hyper-Dimensional Expansion Beam,Impulse!,"LP, Album",,2022,24599915,Uncategorized,2025-08-30 02:54:58,,,
imr14lp,Trentemøller,Lost,In My Room,"2xLP, Album",,2013,5008688,Uncategorized,2025-02-06 09:16:54,,,
IMR52LP,Trentemøller,Dreamweaver,In My Room,"LP, Album, Cry",,2024,31716725,Uncategorized,2024-10-26 00:34:20,,,
INFECT 134WLP,alt-J,An Awesome Wave,Infectious Music,"LP, Album, RE, Whi",,2022,23776664,Uncategorized,2025-05-16 03:36:58,,,
00602508108273,Queens Of The Stone Age,Lullabies To Paralyze,"Interscope Records, Rekords Rekords","2xLP, Album, RE, Gat",,2019,14541135,Uncategorized,2024-12-27 01:58:49,,,
00602508108259,Queens Of The Stone Age,Era Vulgaris,"Interscope Records, Rekords Rekords, Universal Music Group","LP, Album, RE, Gat",,2019,14541226,Uncategorized,2023-02-07 11:36:46,,,
00602508108587,Queens Of The Stone Age,Songs For The Deaf,"Interscope Records, Universal Music Group","2xLP, Album, RE, Gat",,2019,14423243,Uncategorized,2023-05-08 23:01:53,,,
0725400,PJ Harvey & John Parish,A Woman A Man Walked By,Island Records,"LP, Album, RE, 180",,2021,19596487,Uncategorized,2023-02-07 11:35:57,,,
"0851112, 00602508511127",PJ Harvey,Rid Of Me,"Island Records, Island Records","LP, Album, RE, 180",,2020,15792475,Uncategorized,2023-02-07 11:15:17,,,
"0898543, 00602508985430",PJ Harvey,"Stories From The City, Stories From The Sea - Demos","Island Records, UMC, Island Records, UMC","LP, Album",,2021,17574016,Uncategorized,2024-12-27 04:43:09,,,
00602475914716,The Cranberries,No Need To Argue,"Island Records, UMe","2xLP, Album, RE, RM, 30t",,2025,34833179,Uncategorized,2026-05-30 10:47:18,,,
JAG115,Bon Iver,"For Emma, Forever Ago",Jagjaguwar,"LP, Album",,2008,31470461,Uncategorized,2026-04-17 09:44:00,,,
 LP095,Haralds Sīmanis,Pa Apli,Lauska,"LP, Album, Gat",,2022,23996864,Uncategorized,2023-02-07 11:35:15,,,
"STUMM26, 88985336741",Depeche Mode,Black Celebration,"Legacy, Sony Music","LP, Album, RE, RM, Gat",,2016,9180616,Uncategorized,2021-09-17 00:33:41,Mint (M),Mint (M),
"88985337041, STUMM106",Depeche Mode,Songs Of Faith And Devotion,"Legacy, Sony Music, Mute","LP, Album, RE, RM, Gat",,2016,9180670,Uncategorized,2021-09-10 04:48:50,Mint (M),Mint (M),
"STUMM64, 88985336751",Depeche Mode,Violator,"Legacy, Sony Music, Mute","LP, Album, RM, RP, Gat",,2016,9180652,Uncategorized,2021-09-27 03:04:05,Mint (M),Mint (M),
OLE1040LP2,Queens Of The Stone Age,...Like Clockwork,Matador,"2xLP, Album, Ltd, RE, Red",,2022,25340956,Uncategorized,2023-02-07 11:10:10,,,
"OLE1947LP4, OLE1947LP",Queens Of The Stone Age,In Times New Roman...,"Matador, Matador","2xLP, Album, Ltd, Sil",,2023,27407712,Uncategorized,2024-08-10 00:52:41,,,
538 204-5,Georges Brassens,Ses Plus Belles Chansons,Mercury,"LP, Comp",,2018,12448768,Uncategorized,2024-12-27 04:03:41,,,
MRVL0010,Pienvedēja Piedzīvojumi,Nelaiks,Microphone Records,"LP, Album, Ltd, Num, RE",,2022,24390488,Uncategorized,2023-05-12 04:00:19,,,
MPLP01-2010,Sofa Surfers,Blindside,Monoscope Productions,"LP, Album",,2010,2665505,Uncategorized,2025-09-27 06:52:41,Very Good (VG),Very Good (VG),
MOVLP1642,Stevie Ray Vaughan & Double Trouble,In Step,"Music On Vinyl, Epic","LP, Album, RE, 180",,2016,8698630,Uncategorized,2021-12-20 11:07:14,Mint (M),Mint (M),
MOVLP2805,Archive,Londinium,"Music On Vinyl, Island Records","2xLP, Album, RE",,2021,17585296,Uncategorized,2021-12-20 11:51:50,Mint (M),Mint (M),
MOVLP169,Mad Season,Above,"Music On Vinyl, Legacy, Columbia, Monkeywrench Records, Hockeytalkter Records","2xLP, Album, RE, RM, 180",,2015,7643695,Uncategorized,2022-03-18 00:19:09,Mint (M),Mint (M),
"MOVLP378, SXBS 7006 ",Bill Withers,Just As I Am,"Music On Vinyl, Sussex","LP, Album, RE, RM, 180",,2012,3372277,Uncategorized,2025-05-23 09:42:36,,,
MOVLP1114,A Perfect Circle,Thirteenth Step,"Music On Vinyl, Universal","2xLP, Album, RE, 180",,2014,6434663,Uncategorized,2021-10-03 12:58:26,Mint (M),Mint (M),
"LPSEEDS10, Lpseeds10",Nick Cave & The Bad Seeds,The Boatman's Call,"Mute, BMG","LP, Album, RE",,2015,6706752,Uncategorized,2025-11-07 21:52:48,,,
MPLP17,Las Lloronas,Out Of The Blue,Muziekpublique,"LP, Album",,2023,29134663,Uncategorized,2024-06-20 03:26:45,,,
542300-1,The Black Keys,Turn Blue,Nonesuch,"LP, Album",,2014,13612601,Uncategorized,2026-08-06 10:19:35,,,
MTB001X,Martina Topley-Bird,Forever I Wait,Not On Label (Martina Topley-Bird Self-released),"LP, Album, Ltd, Gre",,2022,21832669,Uncategorized,2022-04-01 06:33:14,,,
291046,Edith Piaf,Essential,Number One Essentials,"LP, Comp, Ltd",,2026,36838429,Uncategorized,2026-06-12 22:45:41,,,
TPLP51,Björk,Post,One Little Independent Records,"LP, Album, RE, 180",,2021,23044895,Uncategorized,2024-02-05 21:22:34,Mint (M),,
5021732267351,Coldplay,Parachutes,Parlophone,"LP, Album, RE, 140",,2024,31728419,Uncategorized,2025-01-19 08:18:00,,,
"0190295692735, DB 83881",David Bowie,Let's Dance,"Parlophone, Parlophone","LP, Album, Ltd, RE, RM, Blu",,2020,15768144,Uncategorized,2021-09-10 05:40:02,Mint (M),Mint (M),
"7243 5 40504 1 1, 540 5041",Coldplay,A Rush Of Blood To The Head,"Parlophone, Parlophone","LP, Album, RE",,2002,5696646,Uncategorized,2023-02-09 09:07:22,,,
"7243 531138 1 0, 7243 5 31138 1 0",Gorillaz,Gorillaz,"Parlophone, Parlophone","2xLP, Album, Gat",,2001,204021,Uncategorized,2024-02-05 21:23:10,Mint (M),Mint (M),
PTKF2146-7,Cigarettes After Sex,Cigarettes After Sex,Partisan Records,"LP, Album, Ltd, RP, Cle",,2022,24138758,Uncategorized,2022-09-18 23:12:19,Mint (M),Mint (M),
"PHS 600-172, 0600753605707",Nina Simone,I Put A Spell On You,"Philips, Philips","LP, Album, RE, 180",,2016,8857632,Uncategorized,2023-02-09 09:33:32,,,
"PFRLP8, 5099902987613",Pink Floyd,The Dark Side Of The Moon,"Pink Floyd Records, Pink Floyd Records","LP, Album, RE, RM, 180",,2016,9287809,Uncategorized,2023-02-07 11:32:11,,,
"PIASR 615 LP, 945.B615.010, 5414939567919",Agnes Obel,Aventine,"Play It Again Sam, Play It Again Sam, Play It Again Sam","LP, Album, RP",,2013,16261929,Uncategorized,2021-09-12 14:21:06,Mint (M),Mint (M),
4783458,Michael Kiwanuka,Love & Hate,Polydor,"2xLP, Album",,2016,8778580,Uncategorized,2026-04-14 08:54:52,,,
"6803377, 00602468033776",The Cure,Songs Of A Lost World,"Polydor, Fiction Records","LP, Album, 180",,2024,32156865,Uncategorized,2025-05-03 00:09:42,,,
"475 026-7, 00602547502674",Eric Clapton,Eric Clapton,"Polydor, Polydor","LP, Album, RE, RM",,2021,19936495,Uncategorized,2024-09-24 08:13:04,,,
88985349031,Lou Reed,Transformer,"RCA, RCA Victor","LP, Album, RE, RM",,2016,14246887,Uncategorized,2026-02-09 09:04:06,,,
888751118911,Kings Of Leon,Only By The Night,"RCA, Sony Music, Legacy","2xLP, Album, RE, 180",,2015,7414473,Uncategorized,2026-02-09 09:02:00,,,
2564665878,The Smiths,Meat Is Murder,Rhino Records (2),"LP, Album, RE, RM",,2012,4266995,Uncategorized,2023-02-07 11:33:51,,,
R562035,Sepultura,Roots,Roadrunner Records,"2xLP, Album, RE, RM, 180",,2017,11088399,Uncategorized,2025-06-23 02:46:59,,,
RTRADLP780,Warpaint,Heads Up,Rough Trade,"2xLP, Album, Gat",,2016,9093174,Uncategorized,2021-09-10 04:49:33,Mint (M),Mint (M),
88875194221,Lauryn Hill,The Miseducation Of Lauryn Hill,"Ruffhouse Records, Columbia, Sony Music","2xLP, Album, RE",,2014,24091520,Uncategorized,2022-09-18 23:13:14,Mint (M),Mint (M),
19075921591,Pearl Jam,MTV Unplugged,"Sony Music, Epic, Legacy","LP, RSD, Ltd",,2019,14456195,Uncategorized,2022-07-20 23:09:16,,,
0602547193636,Andrea Bocelli,My Christmas,"Sugar (2), Universal Music Group International, Almud","2xLP, Album, RM",,2015,7792743,Uncategorized,2025-12-24 02:12:19,,,
TJITW012,Lee Perry,Free The Prisoners,Trojan Records,"12"", Single, RP",,2003,382623,Uncategorized,2024-02-05 21:21:43,Mint (M),Mint (M),
600753600689,Bob Marley & The Wailers,Catch A Fire,"Tuff Gong, Island Records, UMe, Universal Music Group International","LP, Album, RE, RM, 180",,2015,7539091,Uncategorized,2025-10-10 01:51:35,,,
602547276209,Bob Marley & The Wailers,Rastaman Vibration,"Tuff Gong, Island Records, UMe, Universal Music Group International","LP, Album, RE, RM, Gat",,2015,7541656,Uncategorized,2025-08-08 23:23:10,,,
0600753030523,Bob Marley & The Wailers,Legend - The Best Of Bob Marley And The Wailers,"Tuff Gong, Island Records, Universal Music Group International","LP, Comp, RE, 180",,2015,4418438,Uncategorized,2024-08-10 00:07:57,,,
173 412 8,Amy Winehouse,Back To Black,"Universal Records, Island Records Group","LP, Album, RE",,2018,12860352,Uncategorized,2024-07-15 03:46:53,Mint (M),Mint (M),
00602557048414,Queen,Greatest Hits,Virgin EMI Records,"2xLP, Comp, RE, RM, Gat",,2022,35907439,Uncategorized,2025-12-26 00:37:46,,,
0602537540433,Massive Attack,Mezzanine,"Virgin, Circa","2xLP, Album, RE, 180",,2013,5077187,Uncategorized,2021-12-20 11:07:14,Mint (M),Mint (M),
093624738619,Red Hot Chili Peppers,Californication,Warner Records,"2xLP, Album, RE",,2021,22983965,Uncategorized,2024-01-21 01:23:36,,,
9362-49793-5,Fleetwood Mac,Rumours,Warner Records,"LP, Album, RE, RP",,2020,17149003,Uncategorized,2021-09-10 05:25:12,Mint (M),Mint (M),
093624853343,Linkin Park,Meteora,"Warner Records, Machine Shop Recordings","LP, Album, RE",,2024,31109759,Uncategorized,2026-08-06 10:18:09,,,
XL1394LP,The Smile (5),Wall Of Eyes,XL Recordings,"LP, Album",,2024,28919746,Uncategorized,2024-02-17 00:58:23,,,
XLLP 782B,Radiohead,Kid A,XL Recordings,"2xLP, Album, RE",,2022,26373128,Uncategorized,2024-06-25 23:22:45,,,
XLLP781,Radiohead,OK Computer,XL Recordings,"2xLP, Album, RE",,2016,8690850,Uncategorized,2021-09-10 04:47:23,Mint (M),Mint (M),
YO425CD,The XX,Coexist,Young Turks,"CD, Album",,2026,36878944,Uncategorized,2026-04-17 08:59:13,,,
YT031LP,The xx,xx,Young Turks,"LP, Album",,2009,1947533,Uncategorized,2025-07-28 08:20:03,,,
